id;type;name;coords;icon
1;Groupe;Sacre-Coeur;45.758307364362096 4.869409148708134;sacrecoeur
2;Cache;Cache 1;45.7619746779048 4.834945767912271;
3;Groupe;Presqu'île;45.75608485326355 4.832188003085623;presquile
4;Groupe;St Pothin;45.766172421950294, 4.846091036600093;stpothin