id;type;name;coords
1;Groupe;Sacre-Coeur;[4.869275556315763, 45.75818993228485]
2;Cache;Cache 1;[ 4.833966809452803, 45.7604495949608]
